Dept_id1,Domain_id,Dept_Group_id1,Textbox13,domain_Url1,Department,textbox24,Site Name,URL,Domain_state_name1,Domain_TNA_scope_name,Crawl_frequency,Crawl_next,Crawl_exception,crawl_id,AutoCrawl,special_instructions,Archivist Notes,textbox28,Closure_date,Additional Information,Archive URL
22,13848,1,TakeFive-ToStopFraud13848,takefive-stopfraud.org.uk,HO,Domain,Take Five - To Stop Fraud,https://takefive-stopfraud.org.uk/,Active,In scope for TNA (domain or independent sub-site),6,01/04/2021,,44504,Automatic,,(1) Added on advice of Web Archive Service Owner. Exceptional crawl added for 07.01.2021. Ongoing crawls set up in line with schedule for HO sites. CN 05.01.2021.,05/01/2021,,,https://webarchive.nationalarchives.gov.uk/*/https://takefive-stopfraud.org.uk/
22,13849,1,TakeFive-ToStopFraud-COVID-19GeneralAdvice13849,takefive-stopfraud.org.uk,HO,Microsite,Take Five - To Stop Fraud - COVID-19 General Advice,https://takefive-stopfraud.org.uk/covid-19/general-advice-covid/,Active,In scope for TNA (but captured within other site),6,,,44506,Automatic,,(1) Added as 'In scope for TNA (but captured within other site)'. Part of Coronavirus (COVID-19) collection. CN 05.01.2021.,05/01/2021,,,https://webarchive.nationalarchives.gov.uk/*/https://takefive-stopfraud.org.uk/covid-19/general-advice-covid/
22,13850,1,TakeFive-ToStopFraud-COVID-19BusinessAdvice13850,takefive-stopfraud.org.uk,HO,Microsite,Take Five - To Stop Fraud - COVID-19 Business Advice,https://takefive-stopfraud.org.uk/covid-19/business-advice-covid/,Active,In scope for TNA (but captured within other site),6,,,44507,Automatic,,(1) Added as 'In scope for TNA (but captured within other site)'. Part of Coronavirus (COVID-19) collection. CN 05.01.2021.,05/01/2021,,,https://webarchive.nationalarchives.gov.uk/*/https://takefive-stopfraud.org.uk/covid-19/business-advice-covid/
27,13858,4,ClinicalPracticeResearchDatalink(CPRD)13858,cprd.com,NHS,Domain,Clinical Practice Research Datalink (CPRD),https://cprd.com/,Active,In scope for TNA (domain or independent sub-site),6,01/05/2021,,44531,Automatic,,"(1) Found in link from GOV.UK and added. Robots.txt file indicates long crawl-delay so I have set to ""very slow"" TS 08.01.2021",08/01/2021,,,https://webarchive.nationalarchives.gov.uk/*/https://cprd.com/
27,13859,4,ClinicalPracticeResearchDatalink(CPRD)-ApprovedstudiesusingCPRDData13859,cprd.com,NHS,Microsite,Clinical Practice Research Datalink (CPRD) - Approved studies using CPRD Data,https://cprd.com/protocol-list,Active,In scope for TNA (but captured within other site),6,,,44533,Automatic,,,08/01/2021,,,https://webarchive.nationalarchives.gov.uk/*/https://cprd.com/protocol-list
22,13860,1,Twitter(https://twitter.com/TakeFive)-TakeFive-ToStopFraud13860,twitter.com,HO,Microsite,Twitter (https://twitter.com/TakeFive) - Take Five - To Stop Fraud,https://twitter.com/TakeFive,Active,In scope for TNA (domain or independent sub-site),6,01/03/2028,,44537,Manual,,(1) Instructed MirrorWeb to capture from today. Next scheduled crawl date set to 01.03.2028 in line with other social media channels. We are not currently using the XML1 process to order capture of social media. CN 11.01.2021.,11/01/2021,,,https://webarchive.nationalarchives.gov.uk/twitter/TakeFive
92,13862,2,Census2021-Let’sCount!TheCensus2021primaryschooleducationprogramme(https://letscount.org.uk/en/)13862,letscount.org.uk,UKSA,Domain,Census 2021 - Let’s Count! The Census 2021 primary school education programme (https://letscount.org.uk/en/),https://letscount.org.uk/en/,Active,In scope for TNA (but captured within other site),6,01/05/2021,,44546,Automatic,,(1) Found when adding: https://censuseducation.org.uk/ to the program. Exceptional crawl scheduled or today. Ongoing crawls set up in line with schedule for ONS sites. CN 14.01.2021. (2) https://letscount.hocext.co.uk/ is a mirror of this site. CN 16.02.2021. (3) Scope changed to 'In scope for TNA (but captured within other site)'. In future site will be captured as part of crawls of: https://censuseducation.org.uk/. CN 02.03.2021.,14/01/2021,,,https://webarchive.nationalarchives.gov.uk/*/https://letscount.org.uk/en/
106,13864,1,YouTube(https://www.youtube.com/channel/UCRK2xgtiJ2amLfmeNUBx1PA)-COVID-19Genomics(COG-UK)Consortium13864,www.youtube.com,BEIS,Microsite,YouTube (https://www.youtube.com/channel/UCRK2xgtiJ2amLfmeNUBx1PA) - COVID-19 Genomics (COG-UK) Consortium,https://www.youtube.com/channel/UCRK2xgtiJ2amLfmeNUBx1PA,Active,In scope for TNA (domain or independent sub-site),6,01/03/2028,,44549,Automatic,,(1) Instructed MirrorWeb to begin capturing from today. Scheduled crawl date set to 01.03.2028 to bring into line with other Social Media channels. We are not currently using the XML1 process to order capture of social media content. CN 14.01.2021.,14/01/2021,,,https://webarchive.nationalarchives.gov.uk/video/UCRK2xgtiJ2amLfmeNUBx1PA
4,13874,1,Twitter(https://twitter.com/InvestInGREAT)-InvestInGREAT13874,twitter.com,CO,Microsite,Twitter (https://twitter.com/InvestInGREAT) - InvestInGREAT,https://twitter.com/InvestInGREAT,Active,In scope for TNA (domain or independent sub-site),6,01/03/2028,,44581,Manual,,(1) Instructed MirrorWeb to begin capturing from today. Next scheduled crawl date set to 01.03.2028 to bring into line with other social media channels. We are not currently using the XML1 system to order capture of social media. CN 26.01.2021.,26/01/2021,,,https://webarchive.nationalarchives.gov.uk/twitter/InvestInGREAT
7,13877,1,MuseumoftheHome-VolunteerMakers13877,museumofthehome.volunteermakers.org,DCMS,Domain,Museum of the Home - Volunteer Makers,https://museumofthehome.volunteermakers.org/,Active,In scope for TNA (but captured within other site),6,,,44585,Automatic,,(1) https://geffryemuseum.volunteermakers.org/ is now redirected here. Added as 'In scope for TNA (but captured within other site)' so it can be captured as part of crawls of: https://www.museumofthehome.org.uk/. CN 27.01.2021.,27/01/2021,,,https://webarchive.nationalarchives.gov.uk/*/https://museumofthehome.volunteermakers.org/
73,13888,1,StudentLoanCompany-Searchforjobs13888,slc.wd3.myworkdayjobs.com,DFE,Domain,Student Loan Company - Search for jobs,http://slc.wd3.myworkdayjobs.com/SLC_Careers/,Active,In scope for TNA (domain or independent sub-site),6,01/02/2050,,44602,Automatic,TINY SITE - CAPTURE WITH WR,(1) Added as an in scope site redirected to from https://slc.current.jobs/. LM 29.01.2021,29/01/2021,,,https://webarchive.nationalarchives.gov.uk/*/http://slc.wd3.myworkdayjobs.com/SLC_Careers/
35,13910,4,Twitter(https://twitter.com/KwasiKwarteng/-Minister)13910,twitter.com,Other,Microsite,Twitter (https://twitter.com/KwasiKwarteng/ - Minister),https://twitter.com/KwasiKwarteng/,Active,In scope for TNA (domain or independent sub-site),6,,,44798,Automatic,,"(1) The Rt Hon Kwasi Kwarteng MP was appointed Secretary of State at the Department of Business, Energy and Industrial Strategy on 8 January 2021. Instructed MirrorWeb to capture tweets from that date onward with the first tweet being: https://twitter.com/KwasiKwarteng/status/1347596127995097088. Next scheduled crawl date set for 01.03.2028 to bring into line with other social media channels. We are not currently using the XML1 system to order capture of social media content. CN 05.02.2021.",05/02/2021,,,https://webarchive.nationalarchives.gov.uk/twitter/KwasiKwarteng/
35,13911,4,BankofEnglandOnlineBanknoteTraining13911,bankofengland.education,Other,Subdomain,Bank of England Online Banknote Training,http://bankofengland.education/tacl/,Active,In scope for TNA (but captured within other site),6,,,44799,Automatic,,(1) noticed during precrwal checks and added TS 05.02.2021 (2) Captured using Webrecorder into WARC TNAWR-TNAUKGWA-44796-000-20210208084835-bankofengland.co.uk-00000.warc.gz TS 08.02.2021,05/02/2021,,,https://webarchive.nationalarchives.gov.uk/*/http://bankofengland.education/tacl/
114,13923,1,PublicHealthEngland(PHE)-Knowledge&LibraryServices(phe.koha-ptfs.co.uk)13923,phe.koha-ptfs.co.uk,DHSC,Subdomain,Public Health England (PHE) - Knowledge & Library Services (phe.koha-ptfs.co.uk),https://phe.koha-ptfs.co.uk/,Active,In scope for TNA (but captured within other site),6,,,44835,Automatic,,,16/02/2021,,,https://webarchive.nationalarchives.gov.uk/*/https://phe.koha-ptfs.co.uk/
73,13926,1,TuringScheme-UK'sGlobalProgrammetoStudy&WorkAbroad13926,www.turing-scheme.org.uk,DFE,Domain,Turing Scheme - UK's Global Programme to Study & Work Abroad,https://www.turing-scheme.org.uk/,Active,In scope for TNA (domain or independent sub-site),6,01/07/2021,,44838,Automatic,,(1) Found and added following reading of a news article on GOV.UK - http://tnaqa.mirrorweb.com/*/https://www.gov.uk/government/news/measures-announced-to-boost-international-study-and-global-opportunities TS 17.02.2021,17/02/2021,,,https://webarchive.nationalarchives.gov.uk/*/https://www.turing-scheme.org.uk/
106,13932,1,"NationalCentreforReplacement,RefinementandReductionofAnimalsinResearch(NC3Rs)13932",www.nc3rs.org.uk,BEIS,Domain,"National Centre for Replacement, Refinement and Reduction of Animals in Research (NC3Rs)",https://www.nc3rs.org.uk/,Active,In scope for TNA (domain or independent sub-site),6,01/04/2021,,44848,Manual,"Drupal site. Please crawl at ""Very Slow"" rate and use setting that facilitate capture of /node/ URIs and other Drupal features. Follow all other XML1 instructions.",(1) Found this site referenced in new story https://www.gov.uk/government/news/new-plan-will-work-to-reduce-use-of-animals-in-research . MRC site. Added and schedule established TS 17.02.2021,17/02/2021,,,https://webarchive.nationalarchives.gov.uk/*/https://www.nc3rs.org.uk/
11,13934,1,NationalHealthService(NHS)-HealthEducationEngland-e-LearningforHealthcare(e-LfH)-PopulationWellbeingPortal13934,populationwellbeingportal.e-lfh.org.uk,DH,Subdomain,National Health Service (NHS) - Health Education England - e-Learning for Healthcare (e-LfH) - Population Wellbeing Portal,https://populationwellbeingportal.e-lfh.org.uk/,Active,In scope for TNA (but captured within other site),6,,,44851,Automatic,,(1) Added as 'In scope for TNA (but captured within other site)'. CN 18.02.2021.,18/02/2021,,,https://webarchive.nationalarchives.gov.uk/*/https://populationwellbeingportal.e-lfh.org.uk/
27,13935,4,NationalHealthService(NHS)-NationalSchoolofHealthcareScience(NSHCS)-ScientistTrainingProgramme(STP)CurriculumReview13935,curriculumreview.nshcs.org.uk,NHS,Subdomain,National Health Service (NHS) - National School of Healthcare Science (NSHCS) - Scientist Training Programme (STP) Curriculum Review,http://curriculumreview.nshcs.org.uk/,Active,In scope for TNA (but captured within other site),6,,,44852,Automatic,,(1) Added as 'In scope for TNA (but captured within other site)'. CN 18.02.2021.,18/02/2021,,,https://webarchive.nationalarchives.gov.uk/*/http://curriculumreview.nshcs.org.uk/
27,13936,4,NationalHealthService(NHS)-NationalSchoolofHealthcareScience(NSHCS)-CurriculumLibrary(https://curriculum.nshcs.org.uk/)13936,curriculum.nshcs.org.uk,NHS,Subdomain,National Health Service (NHS) - National School of Healthcare Science (NSHCS) - Curriculum Library (https://curriculum.nshcs.org.uk/),https://curriculum.nshcs.org.uk/,Active,In scope for TNA (but captured within other site),6,,,44853,Automatic,,(1) Added as 'In scope for TNA (but captured within other site)'. CN 18.02.2021.,18/02/2021,,,https://webarchive.nationalarchives.gov.uk/*/https://curriculum.nshcs.org.uk/
27,13937,4,NationalHealthService(NHS)-NationalSchoolofHealthcareScience(NSHCS)-CurriculumLibrary(https://curriculumlibrary.nshcs.org.uk/)13937,curriculumlibrary.nshcs.org.uk,NHS,Subdomain,National Health Service (NHS) - National School of Healthcare Science (NSHCS) - Curriculum Library (https://curriculumlibrary.nshcs.org.uk/),https://curriculumlibrary.nshcs.org.uk/,Active,In scope for TNA (but captured within other site),6,,,44854,Automatic,,(1) Added as 'In scope for TNA (but captured within other site)'. CN 18.02.2021.,18/02/2021,,,https://webarchive.nationalarchives.gov.uk/*/https://curriculumlibrary.nshcs.org.uk/
4,13958,1,"BusinessisGREAT-Agriculture,FoodandDrinkEventsforUKBusiness13958",eu.eventscloud.com,CO,Subdomain,"Business is GREAT - Agriculture, Food and Drink Events for UK Business",https://eu.eventscloud.com/website/3916/,Active,In scope for TNA (but captured within other site),6,,,44879,Automatic,,(1) Added as 'In scope for TNA (but captured within other site)'. CN 19.02.2021.,19/02/2021,,,https://webarchive.nationalarchives.gov.uk/*/https://eu.eventscloud.com/website/3916/
10,13963,1,RailSafetyandStandardsBoard(RSSB)-SafetyCultureToolkit13963,safetyculturetoolkit.rssb.co.uk,DFT,Subdomain,Rail Safety and Standards Board (RSSB) - Safety Culture Toolkit,https://safetyculturetoolkit.rssb.co.uk/,Active,In scope for TNA (but captured within other site),6,,,44884,Automatic,,(1) Added as an in scope site. LM 22.02.2021,22/02/2021,,,https://webarchive.nationalarchives.gov.uk/*/https://safetyculturetoolkit.rssb.co.uk/
106,13965,1,InnovateUK-KnowledgeTransferNetwork(https://ktn-uk.org/)13965,ktn-uk.org,BEIS,Domain,InnovateUK - Knowledge Transfer Network (https://ktn-uk.org/),https://ktn-uk.org/,Active,In scope for TNA (domain or independent sub-site),6,01/07/2021,,44892,Automatic,,(1) Previous site ktn-uk.co.uk redirects here TS 25.02.2021,25/02/2021,,,https://webarchive.nationalarchives.gov.uk/*/https://ktn-uk.org/
106,13968,1,InnovateUK-KnowledgeTransferNetwork(https://ktn-uk.org/)-COVID-1913968,ktn-uk.org,BEIS,Microsite,InnovateUK - Knowledge Transfer Network (https://ktn-uk.org/) - COVID-19,https://ktn-uk.org/covid-19/,Active,In scope for TNA (but captured within other site),6,,,44897,Automatic,,,25/02/2021,,,https://webarchive.nationalarchives.gov.uk/*/https://ktn-uk.org/covid-19/
14,13969,1,InterimEnvironmentalGovernanceSecretariat13969,www.iegs.org.uk,DEFRA,Domain,Interim Environmental Governance Secretariat,https://www.iegs.org.uk/,Active,In scope for TNA (domain or independent sub-site),6,01/03/2050,,44898,Automatic,TINY SITE - BTRX OR WR,(1) Added TS 25.02.2021,25/02/2021,,,https://webarchive.nationalarchives.gov.uk/*/https://www.iegs.org.uk/
115,13975,1,MidlandsEngine13975,www.midlandsengine.org,MHCLG,Domain,Midlands Engine,https://www.midlandsengine.org/,Active,In scope for TNA (domain or independent sub-site),6,01/06/2021,,44909,Automatic,,(1) Added at request of Web Archive Service Owner. Exceptional crawl set up for 01.03.2021. Ongoing crawls set up in line with schedule for MHCLG sites. CN 26.02.2021.,26/02/2021,,,https://webarchive.nationalarchives.gov.uk/*/https://www.midlandsengine.org/
115,13976,1,MidlandsEngine-COVID-1913976,www.midlandsengine.org,MHCLG,Microsite,Midlands Engine - COVID-19,https://www.midlandsengine.org/covid-19/,Active,In scope for TNA (but captured within other site),6,,,44911,Automatic,,(1) Added as 'In scope for TNA (but captured within other site)'. Part of Coronavirus (COVID-19) collection. CN 26.02.2021.,26/02/2021,,,https://webarchive.nationalarchives.gov.uk/*/https://www.midlandsengine.org/covid-19/
7,13977,1,PastScape13977,www.pastscape.org.uk,DCMS,Domain,PastScape,https://www.pastscape.org.uk/,Active,In scope for TNA (domain or independent sub-site),6,,,44912,Automatic,,(1) Added at request of Historic England for a one-off crawl before closure. I warned them that we would not be able to capture the majority of the site content as it is behind a search. They were unable to provide any additional resource to help us capture the hidden urls. Exceptional crawl set for 01.03.2021. CN 26.02.2021.,26/02/2021,,,https://webarchive.nationalarchives.gov.uk/*/https://www.pastscape.org.uk/
92,13978,2,SwyddfaYstadegauGwladol-Cyfrifiad2021-swyddidrosdro13978,www.swyddicyfrifiad.cymru,UKSA,Subdomain,Swyddfa Ystadegau Gwladol - Cyfrifiad 2021 - swyddi dros dro,http://www.swyddicyfrifiad.cymru/,Active,In scope for TNA (but captured within other site),6,,,44914,Automatic,,(1) Welsh language version of: https://www.censusjobs.co.uk/. Added as 'In scope for TNA (but captured within other site)'. Had previously been captured through an 'Additional Capture pattern' during crawls of the English language site. Added here to ensure it is added to the A-Z list and sent to cataloguing. CN 26.02.2021.,26/02/2021,,,https://webarchive.nationalarchives.gov.uk/*/http://www.swyddicyfrifiad.cymru/
27,13979,4,NationalHealthService(NHS)-CovidTestFinder13979,maps.test-and-trace.nhs.uk,NHS,Domain,National Health Service (NHS) - Covid Test Finder,https://maps.test-and-trace.nhs.uk/,Active,In scope for TNA (domain or independent sub-site),6,01/05/2050,,45024,Automatic,Crawl with Browsertrix,(1) Added as an in scope site to be crawled with Browsertrix. LM 02/03/2021,02/03/2021,,,https://webarchive.nationalarchives.gov.uk/*/https://maps.test-and-trace.nhs.uk/
27,13980,4,NationalHealthService(NHS)-RapidCovidTestFinder13980,find-covid-19-rapid-test-sites.maps.test-and-trace.nhs.uk,NHS,Subdomain,National Health Service (NHS) - Rapid Covid Test Finder,https://find-covid-19-rapid-test-sites.maps.test-and-trace.nhs.uk/,Active,In scope for TNA (but captured within other site),6,,,45018,Automatic,,(1) Added as an in scope site. LM 02/03/2021,02/03/2021,,,https://webarchive.nationalarchives.gov.uk/*/https://find-covid-19-rapid-test-sites.maps.test-and-trace.nhs.uk/
26,13981,1,HMCourts&TribunalsService-GrowingIdeasThatMatter13981,hmctsgrowingideasthatmatter.dialogue-app.com,MOJ,Domain,HM Courts & Tribunals Service - Growing Ideas That Matter,https://hmctsgrowingideasthatmatter.dialogue-app.com/,Active,In scope for TNA (domain or independent sub-site),6,01/03/2050,,45023,Automatic,TINY SITE - WR/BROWSERTRIX,(1) Found and added TS 02.03.2021,02/03/2021,,,https://webarchive.nationalarchives.gov.uk/*/https://hmctsgrowingideasthatmatter.dialogue-app.com/
4,13984,1,HelptoGrow13984,helptogrow.campaign.gov.uk,CO,Subdomain,Help to Grow,https://helptogrow.campaign.gov.uk/,Active,In scope for TNA (domain or independent sub-site),6,,,45033,Automatic,,(1) New site added following notification from GDS. Captured by TNA using Conifer for the first time today. Will be monitored with Visualping and captured when we are notified of changes. Note that I captured this page: https://smallbusinesscharter.org/help-to-grow-management/ as part of the crawl. It is a single page on a non-government website which provides details of a government funded scheme. I have also added a Visualping job to monitor that page. CN 03.03.2021.,03/03/2021,,,https://webarchive.nationalarchives.gov.uk/*/https://helptogrow.campaign.gov.uk/
114,13987,1,NationalTravelHealthNetworkandCentre(NaTHNaC)TrainingPortal13987,nathnactrainingportal.org.uk,DHSC,Domain,National Travel Health Network and Centre (NaTHNaC) Training Portal,https://nathnactrainingportal.org.uk/,Active,In scope for TNA (domain or independent sub-site),6,01/05/2050,,45038,Automatic,TINY SITE - crawl with Browsertrix or Conifer.,(1) Found during QA of: https://travelhealthpro.org.uk/. A login is required to access most of the content. Added as a Browsertrix crawl so the small amount of machine reachable content is captured. Crawls set up in line with shedule for DHSC owned sites. CN 03.03.2021.,03/03/2021,,,https://webarchive.nationalarchives.gov.uk/*/https://nathnactrainingportal.org.uk/
27,13989,4,NationalHealthService(NHS)Digital-ODSPortal13989,odsportal.digital.nhs.uk,NHS,Subdomain,National Health Service (NHS) Digital - ODS Portal,https://odsportal.digital.nhs.uk/,Active,In scope for TNA (but captured within other site),6,,,45042,Automatic,,(1) Found during QA of February 2021 crawl of main domain. Added as 'In scope for TNA (but captured within other site)'. Crawler will not be able to capture main site content as it is only accessible via a user search. CN 04.03.2021.,04/03/2021,,,https://webarchive.nationalarchives.gov.uk/*/https://odsportal.digital.nhs.uk/
7,13992,1,NationalCitizenService(NCS)(https://wearencs.com/)13992,wearencs.com,DCMS,Domain,National Citizen Service (NCS) (https://wearencs.com/),https://wearencs.com/,Active,In scope for TNA (domain or independent sub-site),6,01/08/2021,,45047,Automatic,,(1) Added after TNA Head of Strategic Compliance advised that NCS is a Public Record Body. Exceptional crawl added for 08.03.2021. Ongoing crawls set up in line with schedule for DCMS sites. CN 08.03.2021. (2) During QA of March 2021 crawl MW noticed that files hosted on: https://media.giphy.com/media/ were embedded in the site. TS checked the terms and conditions for content hosted on giphy.com and agreed that content hosted there should be captured in future crawls. Additional capture pattern added. CN 16.03.2021.,08/03/2021,,,https://webarchive.nationalarchives.gov.uk/*/https://wearencs.com/
106,13993,1,SalixFinance13993,www.salixfinance.co.uk,BEIS,Domain,Salix Finance,https://www.salixfinance.co.uk/,Active,In scope for TNA (domain or independent sub-site),6,01/07/2021,,45049,Automatic,,(1) A new Executive NDPB. Added following scoping meeting. Crawls set up in line with schedule for BEIS sites. CN 08.03.2021.,08/03/2021,,,https://webarchive.nationalarchives.gov.uk/*/https://www.salixfinance.co.uk/
27,13994,4,MindEdHub13994,www.minded.org.uk,NHS,Domain,MindEd Hub,https://www.minded.org.uk/,Active,In scope for TNA (domain or independent sub-site),6,01/05/2021,,45050,Automatic,,(1) Added following scoping meeting. Site is branded National Health Service (NHS) - Health Education England (HEE) and is funded by the Department of Health and Department for Education. Exceptional crawl set for 08.03.2021 and ongoing crawls set up in line with schedule for DHSC sites. CN 08.03.2021.,08/03/2021,,,https://webarchive.nationalarchives.gov.uk/*/https://www.minded.org.uk/
27,13995,4,MindEd-CoronavirusStaffResilienceHub13995,covid.minded.org.uk,NHS,Subdomain,MindEd - Coronavirus Staff Resilience Hub ,https://covid.minded.org.uk/,Active,In scope for TNA (but captured within other site),6,,,45051,Automatic,,(1) Added as 'In scope for TNA (but captured within other site)'. Part of Coronavirus (COVID-19) collection. CN 08.03.2021.,08/03/2021,,,https://webarchive.nationalarchives.gov.uk/*/https://covid.minded.org.uk/
10,13996,1,SPARK-Railresearchandinnovation13996,www.sparkrail.org,DFT,Domain,SPARK - Rail research and innovation ,https://www.sparkrail.org/,Active,In scope for TNA (domain or independent sub-site),6,01/06/2021,,45056,Automatic,,(1) Site added as an in scope site (owned and managed by the Rail Safety and Standards Board) following a scoping meeting on 03.03.2021. LM 08.03.2021,08/03/2021,,,https://webarchive.nationalarchives.gov.uk/*/https://www.sparkrail.org/
7,14000,1,Twitter(https://www.twitter.com/ncs)-NationalCitizenService14000,www.twitter.com,DCMS,Microsite,Twitter (https://www.twitter.com/ncs) - National Citizen Service,https://www.twitter.com/ncs,Active,In scope for TNA (domain or independent sub-site),6,01/03/2028,,45085,Manual,,(1) Instructed MirrorWeb to begin capturing from 08.03.2021. Next scheduled crawl date set to 01.03.2028 to bring into line with other social media channels. We are not currently using the XML system to order capture of social media content. CN 10.03.2021.,10/03/2021,,,https://webarchive.nationalarchives.gov.uk/twitter/ncs
7,14001,1,YouTube(https://www.youtube.com/ncs)-NationalCitizenService14001,www.youtube.com,DCMS,Microsite,YouTube (https://www.youtube.com/ncs) - National Citizen Service,https://www.youtube.com/ncs,Active,In scope for TNA (domain or independent sub-site),6,01/03/2028,,45086,Manual,,(1) Instructed MirrorWeb to begin capturing from 08.03.2021. Next scheduled crawl date set to 01.03.2028 to bring into line with other social media channels. We are not currently using the XML system to order capture of social media content. CN 10.03.2021.,10/03/2021,,,https://webarchive.nationalarchives.gov.uk/video/ncs
106,14002,1,Twitter(https://www.twitter.com/SalixFinance)-SalixFinance14002,www.twitter.com,BEIS,Microsite,Twitter (https://www.twitter.com/SalixFinance) - Salix Finance,https://www.twitter.com/SalixFinance,Active,In scope for TNA (domain or independent sub-site),6,01/03/2028,,45087,Manual,,(1) Instructed MirrorWeb to begin capturing from 08.03.2021. Next scheduled crawl date set to 01.03.2028 to bring into line with other social media channels. We are not currently using the XML system to order capture of social media content. CN 10.03.2021.,10/03/2021,,,https://webarchive.nationalarchives.gov.uk/twitter/SalixFinance
14,14003,1,Twitter(https://www.twitter.com/CefasTechnology)-CefasTechnology14003,www.twitter.com,DEFRA,Microsite,Twitter (https://www.twitter.com/CefasTechnology) - Cefas Technology,https://www.twitter.com/CefasTechnology,Active,In scope for TNA (domain or independent sub-site),6,01/03/2028,,45088,Manual,,(1) Added following scoping meeting. Instructed MirrorWeb to begin capturing from 08.03.2021. Next scheduled crawl date set to 01.03.2028 to bring into line with other social media channels. We are not currently using the XML system to order capture of social media content. CN 10.03.2021.,10/03/2021,,,https://webarchive.nationalarchives.gov.uk/twitter/CefasTechnology
115,14004,1,Twitter(https://www.twitter.com/midsengine)-MidlandsEngine14004,www.twitter.com,MHCLG,Microsite,Twitter (https://www.twitter.com/midsengine) - Midlands Engine,https://www.twitter.com/midsengine,Active,In scope for TNA (domain or independent sub-site),6,01/03/2028,,45089,Manual,,(1) Instructed MirrorWeb to begin capturing from 08.03.2021. Next scheduled crawl date set to 01.03.2028 to bring into line with other social media channels. We are not currently using the XML system to order capture of social media content. CN 10.03.2021.,10/03/2021,,,https://webarchive.nationalarchives.gov.uk/twitter/midsengine
106,14005,1,Twitter(https://twitter.com/ResEngland)-ResearchEngland14005,twitter.com,BEIS,Microsite,Twitter (https://twitter.com/ResEngland) - Research England,https://twitter.com/ResEngland,Active,In scope for TNA (domain or independent sub-site),6,01/03/2028,,45090,Manual,,(1) Added following scoping meeting. Instructed MirrorWeb to begin capturing from 08.03.2021. Next scheduled crawl date set to 01.03.2028 to bring into line with other social media channels. We are not currently using the XML system to order capture of social media content. CN 10.03.2021.,10/03/2021,,,https://webarchive.nationalarchives.gov.uk/twitter/ResEngland
106,14006,1,YouTube(https://www.youtube.com/channel/UC8FTtIcJ-MkOnTp9QxVn8Kg)-ResearchEngland14006,www.youtube.com,BEIS,Microsite,YouTube (https://www.youtube.com/channel/UC8FTtIcJ-MkOnTp9QxVn8Kg) - Research England,https://www.youtube.com/channel/UC8FTtIcJ-MkOnTp9QxVn8Kg,Active,In scope for TNA (domain or independent sub-site),6,01/03/2028,,45091,Manual,,(1) Added following scoping meeting. Instructed MirrorWeb to begin attempting to capture from 08.03.2021. The channel is empty at the moment. It just contains links to videos on other UKRI owned channels. Next scheduled crawl date set to 01.03.2028 to bring into line with other social media channels. We are not currently using the XML system to order capture of social media content. CN 10.03.2021.,10/03/2021,,,https://webarchive.nationalarchives.gov.uk/video/UC8FTtIcJ-MkOnTp9QxVn8Kg
27,14007,4,Twitter(https://twitter.com/MindEdUK)-MindedEd14007,www.twitter.com,NHS,Microsite,Twitter (https://twitter.com/MindEdUK) - MindedEd,https://twitter.com/MindEdUK,Active,In scope for TNA (domain or independent sub-site),6,01/03/2028,,45092,Manual,,(1) Instructed MirrorWeb to begin capturing from 08.03.2021. Next scheduled crawl date set to 01.03.2028 to bring into line with other social media channels. We are not currently using the XML system to order capture of social media content. CN 10.03.2021.,10/03/2021,,,https://webarchive.nationalarchives.gov.uk/twitter/MindEdUK
4,14012,1,ThisisDemocracy(https://www.this-is-democracy.com/)14012,www.this-is-democracy.com,CO,Domain,This is Democracy (https://www.this-is-democracy.com/),https://www.this-is-democracy.com/,Dormant,In scope for TNA (domain or independent sub-site),Not currently crawled,,,45107,Automatic,,(1) https://thisisdemocracy.campaign.gov.uk/ is now redirected here. Will be captured for the first time by TNA using Conifer/Webrecorder today. Thereafter it will be monitored using Visualping and captured when we are alerted to changes. CN 15.03.2021.,15/03/2021,,,https://webarchive.nationalarchives.gov.uk/*/https://www.this-is-democracy.com/
4,14014,1,CareersinNationalSecurity14014,national-security.campaign.gov.uk,CO,Subdomain,Careers in National Security,http://national-security.campaign.gov.uk/,Active,In scope for TNA (domain or independent sub-site),6,01/04/2021,,45109,Automatic,,(1) New site added following notification from Cabinet Office. This site does not follow the standard template for sites hosted on campaign.gov.uk urls and has several pages. Agreed with Web Archive Service Owner that site should be crawled in line with regular schedule for CO sites. CN 15.03.2021.,15/03/2021,,,https://webarchive.nationalarchives.gov.uk/*/http://national-security.campaign.gov.uk/
4,14015,1,2021G7Summit–UKPresidency14015,www.g7uk.org,CO,Domain,2021 G7 Summit – UK Presidency,https://www.g7uk.org/,Active,In scope for TNA (domain or independent sub-site),6,01/04/2021,,45110,Automatic,,(1) New site added following notification from Cabinet Office campaigns team. The Summit is due to take place 11 - 13 June 2021. Exceptional crawl set up for 16.03.2021 and monthly crawls set up for April 2021 to June 2021 as agreed with Web Archive Service Owner. CN 15.03.2021.,15/03/2021,,,https://webarchive.nationalarchives.gov.uk/*/https://www.g7uk.org/
27,14024,4,NationalHealthService(NHS)-Nene&CorbyPrimaryCarePortal14024,gp.neneccg.nhs.uk,NHS,Subdomain,National Health Service (NHS) - Nene & Corby Primary Care Portal,http://gp.neneccg.nhs.uk/,Active,In scope for TNA (but captured within other site),6,,,45128,Automatic,,(1) Added for one-off crawl before closure on request of website owner. Added as 'In scope for TNA (but captured within other site)' to enable us to capture eight closing sites during a single crawl. CN 16.03.2021.,16/03/2021,,,https://webarchive.nationalarchives.gov.uk/*/http://gp.neneccg.nhs.uk/
11,14025,1,Health&SocialCareInformationCentre-DataAccessRequestService14025,dataaccessrequest.hscic.gov.uk,DH,Subdomain,Health & Social Care Information Centre - Data Access Request Service,https://dataaccessrequest.hscic.gov.uk/,Active,In scope for TNA (domain or independent sub-site),6,01/11/2050,,45129,Automatic,TINY SITE WR,,17/03/2021,,,https://webarchive.nationalarchives.gov.uk/*/https://dataaccessrequest.hscic.gov.uk/
27,14026,4,NationalHealthService(NHS)Digital-GPAppointmentsData14026,hscic.kahootz.com,NHS,Domain,National Health Service (NHS) Digital - GP Appointments Data,https://hscic.kahootz.com/GPFW/grouphome,Active,In scope for TNA (domain or independent sub-site),6,01/05/2021,,45130,Automatic,,(1) added and crawls set up TS 17.03.2021,17/03/2021,,,https://webarchive.nationalarchives.gov.uk/*/https://hscic.kahootz.com/GPFW/grouphome
27,14027,4,NHSDigital-iViewPlus14027,iviewplus.digital.nhs.uk,NHS,Subdomain,NHS Digital - iViewPlus,https://iviewplus.digital.nhs.uk/,Active,In scope for TNA (but captured within other site),6,,,45131,Automatic,,,17/03/2021,,,https://webarchive.nationalarchives.gov.uk/*/https://iviewplus.digital.nhs.uk/
27,14028,4,NHSDigital-iViewPlusBeta14028,iviewplusbeta.digital.nhs.uk,NHS,Subdomain,NHS Digital - iViewPlus Beta,https://iviewplusbeta.digital.nhs.uk/,Active,In scope for TNA (but captured within other site),6,,,45132,Automatic,,,17/03/2021,,,https://webarchive.nationalarchives.gov.uk/*/https://iviewplusbeta.digital.nhs.uk/
